2026-04-15T06:19:11Z	GET	/admin/dashboard	503
2026-04-15T06:19:12Z	GET	/admin/users?limit=5&offset=0	503
2026-04-15T06:19:12Z	GET	/admin/reports?limit=5&offset=0	503
2026-04-15T06:19:12Z	GET	/admin/settings	503
2026-04-15T06:19:12Z	GET	/feed?tab=for-you&limit=5	503
2026-04-15T06:19:43Z	GET	/admin/dashboard	503
2026-04-15T06:19:48Z	GET	/admin/users?limit=5&offset=0	503
2026-04-15T06:19:48Z	GET	/admin/reports?limit=5&offset=0	503
2026-04-15T06:19:49Z	GET	/admin/settings	503
2026-04-15T06:19:49Z	GET	/feed?tab=for-you&limit=5	503
2026-04-15T06:20:19Z	GET	/admin/dashboard	503
2026-04-15T06:20:19Z	GET	/admin/users?limit=5&offset=0	503
2026-04-15T06:20:20Z	GET	/admin/reports?limit=5&offset=0	503
2026-04-15T06:20:20Z	GET	/admin/settings	503
2026-04-15T06:20:20Z	GET	/feed?tab=for-you&limit=5	503
2026-04-15T06:20:51Z	GET	/admin/dashboard	503
2026-04-15T06:20:51Z	GET	/admin/users?limit=5&offset=0	503
2026-04-15T06:20:51Z	GET	/admin/reports?limit=5&offset=0	503
2026-04-15T06:20:51Z	GET	/admin/settings	503
2026-04-15T06:20:52Z	GET	/feed?tab=for-you&limit=5	503
2026-04-15T06:21:22Z	GET	/admin/dashboard	503
2026-04-15T06:21:23Z	GET	/admin/users?limit=5&offset=0	503
2026-04-15T06:21:23Z	GET	/admin/reports?limit=5&offset=0	503
2026-04-15T06:21:23Z	GET	/admin/settings	503
2026-04-15T06:21:24Z	GET	/feed?tab=for-you&limit=5	503
2026-04-15T06:21:54Z	GET	/admin/dashboard	503
2026-04-15T06:21:55Z	GET	/admin/users?limit=5&offset=0	503
2026-04-15T06:21:55Z	GET	/admin/reports?limit=5&offset=0	503
2026-04-15T06:21:56Z	GET	/admin/settings	503
2026-04-15T06:21:57Z	GET	/feed?tab=for-you&limit=5	503
2026-04-15T06:21:57Z	DELETE	/admin/books/test-id	503
2026-04-15T06:21:57Z	DELETE	/admin/users/test-id	503
